Catalog#,Artist,Title,Label,Format,Rating,Released,release_id,CollectionFolder,Date Added,Collection Media Condition,Collection Sleeve Condition,Collection Notes
2MR-071,Kedr Livanskiy,Liminal Soul,2MR,"LP, Album",,2021,20634421,Uncategorized,2022-12-29 14:12:30,Near Mint (NM or M-),,
SP-4644 ,Brothers Johnson,Right On Time,A&M Records,"LP, Album, Club, RCA",,1977,10504136,Uncategorized,2026-10-05 12:23:02,,,
0190296617164,Daft Punk,Discovery,ADA (6),"2xLP, Album, RE, Gat",,2022,26031499,Uncategorized,2025-01-02 13:43:20,,,
0190296657078,Ed Sheeran,= (Equals),"Asylum Records, Atlantic","LP, Album",,2021,20771563,Uncategorized,2023-01-03 03:15:18,,,
075678626654,Silk Sonic,An Evening With Silk Sonic,"Atlantic, Aftermath Entertainment","LP, Album, RE",,2023,26425025,Uncategorized,2024-02-05 07:23:07,Mint (M),,
2812123108,Tom Misch & Yussef Dayes,What Kinda Music,"Blue Note, Beyond The Groove","2xLP, Album, 180",,2020,15216362,Uncategorized,2024-03-11 13:53:12,,,
 BRLP001,Prāta Vētra,7 Soļi Svaiga Gaisa,BrainStorm Records Company,"LP, Album",,2015,7627679,Uncategorized,2024-02-05 11:52:24,,,
BWOOD0157LP,Yussef Kamaal,Black Focus,Brownswood Recordings,"LP, Album",,2016,9072898,Uncategorized,2025-01-02 13:48:41,,,
00199957306232,Babymetal,Live At The O2 Arena - Highlights,"Capitol Records, BMW FOX Records, Amuse","LP, Album, RSD, Cle",,2026,37100214,Uncategorized,2026-10-05 12:24:11,,,
ST-11941,Sun (7),Destination: Sun,"Capitol Records, EMI","LP, Album",,1979,251245,Uncategorized,2026-10-05 12:29:08,,,
"CBS 25775, 25775","Earth, Wind & Fire",Electric Universe,"CBS, CBS","LP, Album, Gat",,1983,821599,Uncategorized,2026-10-05 12:27:24,,,
"CBS 85272, 85272, TC 37548","Earth, Wind & Fire",Raise!,"CBS, CBS, ARC (3)","LP, Album, Gat",,1981,96655,Uncategorized,2024-02-05 12:04:44,,,
"88883716861, 88883 71686 1",Daft Punk,Random Access Memories,"Columbia, Columbia","2xLP, Album, Gat",,2013,4587101,Uncategorized,2022-12-29 14:03:36,Near Mint (NM or M-),,
19439895251,Purple Disco Machine,Exotica,"Columbia, Sony Music","2xLP, Album, Gat",,2021,20599156,Uncategorized,2025-01-02 13:21:01,,,
COUNT118,Odesza,A Moment Apart,"Counter Records, Foreign Family Collective","2xLP, Album, Cle",,2017,10817696,Uncategorized,2022-04-13 14:42:22,,,
0602547378781,Nirvana,Nirvana,"DGC, Sub Pop","LP, Comp, RE, 180",,2015,7445961,Uncategorized,2023-01-03 12:26:42,,,
"202 912, 202 912-320",Precious Wilson,On The Race Track,"Hansa, Hansa, Hansa International, Hansa International","LP, Album",,1980,3029369,Uncategorized,2026-10-05 12:31:08,,,
none,Hippie Sabotage,Trailblazer,Hippie Sabotage,2xLP,,2023,30624604,Uncategorized,2026-04-28 01:09:31,,,
00602475380573,Black Eyed Peas,The E.N.D,Interscope Records,"2xLP, Album, RE, Gat",,2025,33100392,Uncategorized,2026-10-05 12:33:57,,,
"BEC 5161907, BEC 5161908",Cerrone,Cerrone 3 (Supernature),"Malligator Préférence, Because Music, Malligator Préférence, Because Music","LP, Album, RE, RM, Gre + CD, Album, RE, RM",,2014,6270400,Uncategorized,2023-01-03 12:32:35,,,
"602458436297, 5843629",Deadmau5,4x4=12,"Mau5trap Recordings, EMI","2xLP, Album, RE, Gre",,2024,29745940,Uncategorized,2024-03-11 13:48:38,,,
5843639,deadmau5,> Album Title Goes Here <,"Mau5trap Recordings, EMI, Universal Music Recordings","2xLP, Album, RE, Cya",,2024,30095582,Uncategorized,2025-01-02 13:40:24,,,
MOVLP2403,Barrabas,Piel De Barrabas,Music On Vinyl,"LP, Album, Ltd, Num, RE, Fla",,2019,14088799,Uncategorized,2023-01-03 12:29:04,,,
MOVLP1247,George Benson,Give Me The Night,"Music On Vinyl, Warner Records, Qwest Records","LP, Album, RE, 180",,0,21176782,Uncategorized,2024-02-05 07:25:40,,,
none,Julija Zakirova,Golden Hour,Not On Label,LP,,2024,38130042,Uncategorized,2026-10-05 12:25:09,,,
none,Apashe,Antagonist,Not On Label (Apashe Self-released),"LP, Album, Gol",,2025,33089415,Uncategorized,2026-04-28 01:10:01,,,
none,Noize MC,Выход В Город,Not On Label (Noize MC self-released),"2xLP, Album, Ltd",,2022,25466137,Uncategorized,2023-09-12 01:06:04,,,
none,Ploho,Когда душа спит,Not On Label (Ploho Self-released),"LP, Album",,2023,28281358,Uncategorized,2024-12-27 13:32:29,,,
0190296666964,Coldplay,Music Of The Spheres,Parlophone,"LP, Album, Col",,2021,20587606,Uncategorized,2023-01-03 03:12:47,,,
PERMVAC242-1,Longhair (2),Hotel Solaris,Permanent Vacation,"LP, Album",,2022,23216936,Uncategorized,2024-12-27 13:29:29,,,
"PFRLP8, 88875184251",Pink Floyd,The Dark Side Of The Moon,"Pink Floyd Records, Pink Floyd Records","LP, Album, RE, RM, RP, 180",,2022,25444660,Uncategorized,2023-01-03 03:09:08,Mint (M),,
 BRLP003,Prāta Vētra,"Par To Zēnu, Kas Sit Skārda Bungas",Prāta Vētras Skaņu Ierakstu Kompānija,"LP, Album",,2018,12337528,Uncategorized,2022-12-29 14:07:29,Near Mint (NM or M-),,
 BRLP005,Prāta Vētra,Gads Bez Kalendāra,Prāta Vētras Skaņu Ierakstu Kompānija,"LP, Album",,2021,22207315,Uncategorized,2022-12-29 14:00:36,Near Mint (NM or M-),,
PTM008LP,Prins Thomas,8,Prins Thomas Musikk,"LP, Album",,2022,22359856,Uncategorized,2022-12-29 14:17:55,Near Mint (NM or M-),,
"DXL1-4021, 26.21780 AO",KC & The Sunshine Band,Part 3,"RCA Victor, RCA","LP, Album, Gat",,1976,176578,Uncategorized,2024-02-05 12:07:09,,,
19658719261,Jamiroquai,A Funk Odyssey,Sony Music,"2xLP, Album, RE",,2022,25041760,Uncategorized,2024-12-27 13:27:37,,,
TK-500,KC & The Sunshine Band,Do It Good,T.K. Records,"LP, Album",,1974,1046897,Uncategorized,2026-10-05 12:21:25,,,
00602537490486,Avicii,True,Universal Music,"LP, Album",,2013,6345787,Uncategorized,2026-10-05 12:32:52,,,
9029669877,Cream Soda (2),Интергалактик (Limited Ambient Edition),Warner Music Russia,"LP, Ltd, Tra",,2021,21423577,Uncategorized,2022-04-13 14:47:55,,,
none,Cream Soda (2),Комета,Warner Music Russia,"LP, Album, Yel",,2019,21786523,Uncategorized,2022-04-13 14:45:35,,,
WHK 3227,Rose Royce,Strikes Again,Whitfield Records,"LP, Album, Gat",,1978,10244337,Uncategorized,2026-10-05 12:17:15,,,
XLLP 765,Kaytranada,99.9%,XL Recordings,"2xLP, Album",,2016,8752494,Uncategorized,2024-03-11 13:47:28,,,
XLLP766,New Gen,New Gen,XL Recordings,"2xLP, Album, Whi",,2017,9820590,Uncategorized,2025-01-02 13:24:12,,,
ВТА 11253/54,Queen,Queen Greatest Hits,Балкантон,"2xLP, Comp, RE, lig",,1987,18941614,Uncategorized,2024-02-05 11:59:58,,,
КЛЮ128,Каста,Четырёхглавый Орёт,Клюква Рекордс,"2xLP, Album, Qua",,2025,33135315,Uncategorized,2026-04-28 01:08:32,,,
C 60—14413-14,Smokie,"Ансамбль ""Смоуки""",Мелодия,"LP, Comp",,1980,8935313,Uncategorized,2024-02-05 12:21:03,,,
С 60—13867-68,Adriano Celentano,Поет Адриано Челентано,Мелодия,"LP, Album, RE",,1981,1798204,Uncategorized,2024-02-05 12:10:25,,,
С 60—15147-8,Elton John,Поет Элтон Джон,Мелодия,"LP, Album",,1980,2311058,Uncategorized,2024-02-05 12:14:28,,,
С60-18377-8,Adriano Celentano,Адриано Челентано,Мелодия,"LP, Album",,1989,9241348,Uncategorized,2024-02-05 12:24:52,,,
С60—15665-6,ABBA,Voulez-Vous,Мелодия,"LP, Album",,1981,4482584,Uncategorized,2024-02-05 11:55:42,,,
С90 26795 003,Кино = Кино,Ночь = Night,"Мелодия, AnTrop","LP, Album, RP, Red",,1991,9948596,Uncategorized,2024-02-05 12:24:02,,,
